filename,Category
P5_C10_209,Root > Home & Garden > Household Supplies > Household Cleaning Supplies > Dish Washing Liquid
P2_D6_547,Root > Home & Garden > Household Supplies > Household Cleaning Supplies > Dish Washing Liquid
P4_A1_369,Root > Home & Garden > Household Supplies > Household Cleaning Supplies > Dish Washing Liquid
P4_A12_368,Root > Home & Garden > Household Supplies > Household Cleaning Supplies > Laundry Detergent Sheets
P4_D6_408,Root > Personal Care > Cosmetics > Bath & Body > Body Wash
P1_A3_512,Root > Personal Care > Cosmetics > Bath & Body > Body Wash
P2_B2_534,Root > Personal Care > Cosmetics > Bath & Body > Body Wash
P1_G12_125,Root > Personal Care > Cosmetics > Bath & Body > Body Wash
P5_C9_186,Root > Personal Care > Cosmetics > Bath & Body > Body Wash
P6_E1_385,Root > Personal Care > Cosmetics > Bath & Body > Body Wash
P6_A3_285,Root > Personal Care > Cosmetics > Bath & Body > Body Wash
P3_F10_36,Root > Personal Care > Cosmetics > Bath & Body > Body Wash
P4_C11_445,Root > Personal Care > Cosmetics > Bath & Body > Body Wash
P6_C1_284,Root > Personal Care > Cosmetics > Bath & Body > Body Wash
P7_E10_5,Root > Personal Care > Cosmetics > Bath & Body > Body Wash
P1_G10_253,Root > Personal Care > Cosmetics > Bath & Body > Body Wash
P5_D8_253,Root > Personal Care > Cosmetics > Bath & Body > Body Wash
P3_C10_348,Root > Personal Care > Cosmetics > Bath & Body > Body Wash
P4_D3_419,Root > Personal Care > Cosmetics > Bath & Body > Body Wash
P7_F1_667,Root > Personal Care > Cosmetics > Bath & Body > Body Wash
P7_F9_714,Root > Personal Care > Cosmetics > Bath & Body > Body Wash
P2_E12_576,Root > Personal Care > Cosmetics > Bath & Body > Body Wash > Bar Soap
P2_F10_540,Root > Personal Care > Cosmetics > Bath & Body > Body Wash > Bar Soap
P2_D1_579,Root > Personal Care > Cosmetics > Bath & Body > Body Wash > Bar Soap
P4_E5_609,Root > Personal Care > Cosmetics > Bath & Body > Body Wash > Bar Soap
P6_D5_220,Root > Personal Care > Cosmetics > Bath & Body > Body Wash > Feminine hygiene
P4_D7_424,Root > Personal Care > Cosmetics > Bath & Body > Body Wash > Foaming Bath
P5_B11_278,Root > Personal Care > Cosmetics > Bath & Body > Body Wash > Hand Soap
P1_B7_527,Root > Personal Care > Cosmetics > Bath & Body > Body Wash > Hand Soap
P1_G11_127,Root > Personal Care > Cosmetics > Bath & Body > Body Wash > Hand Soap
P1_B8_528,Root > Personal Care > Cosmetics > Bath & Body > Body Wash > Hand Soap
P5_D4_173,Root > Personal Care > Cosmetics > Bath & Body > Body Wash > Hand Soap
P1_A2_511,Root > Personal Care > Cosmetics > Bath & Body > Body Wash > Hand Soap
P2_D5_720,Root > Personal Care > Cosmetics > Bath & Body > Body Wash > Hand Soap
P4_A5_377,Root > Personal Care > Cosmetics > Bath & Body > Body Wash > Hand Soap
P1_E8_482,Root > Personal Care > Cosmetics > Bath & Body > Body Wash > Powdered Hand Soap
P5_D12_38,Root > Personal Care > Cosmetics > Bath & Body > Hand Creme
P3_C6_93,Root > Personal Care > Cosmetics > Bath & Body > Hand Creme
P1_E3_491,Root > Personal Care > Cosmetics > Bath & Body > Moisturizer
P7_A11_207,Root > Personal Care > Cosmetics > Bath & Body > Moisturizer
P1_E6_509,Root > Personal Care > Cosmetics > Bath & Body > Moisturizer
P1_D5_503,Root > Personal Care > Cosmetics > Bath & Body > Moisturizer
P3_C3_82,Root > Personal Care > Cosmetics > Bath & Body > Moisturizer
P1_C6_506,Root > Personal Care > Cosmetics > Bath & Body > Moisturizer
P1_B1_520,Root > Personal Care > Cosmetics > Bath & Body > Moisturizer
P6_D3_249,Root > Personal Care > Cosmetics > Bath & Body > Moisturizer
P3_F8_132,Root > Personal Care > Cosmetics > Bath & Body > Moisturizer
P3_C9_351,Root > Personal Care > Cosmetics > Bath & Body > Moisturizer
P1_E1_504,Root > Personal Care > Cosmetics > Bath & Body > Moisturizer
P5_A3_184,Root > Personal Care > Cosmetics > Bath & Body > Moisturizer
P7_A12_195,Root > Personal Care > Cosmetics > Bath & Body > Moisturizer
P5_D7_33,Root > Personal Care > Cosmetics > Bath & Body > Moisturizer > Eye cream
P1_B4_523,Root > Personal Care > Cosmetics > Bath & Body > Moisturizer > Eye cream
P2_E10_583,Root > Personal Care > Cosmetics > Bath & Body > Moisturizer > Eye cream
P2_C5_692,Root > Personal Care > Cosmetics > Bath & Body > Moisturizer > Eye cream
P2_B9_680,Root > Personal Care > Cosmetics > Bath & Body > Moisturizer > Eye cream
P2_A4_693,Root > Personal Care > Cosmetics > Bath & Body > Moisturizer > Eye cream
P4_B7_689,Root > Personal Care > Cosmetics > Bath & Body > Moisturizer > Eye cream
P7_D8_678,Root > Personal Care > Cosmetics > Bath & Body > Moisturizer > Eye cream
P3_E2_587,Root > Personal Care > Cosmetics > Bath & Body > Moisturizer > Eye cream
P3_C4_70,Root > Personal Care > Cosmetics > Perfume & Cologne
P5_E8_272,Root > Personal Care > Cosmetics > Perfume & Cologne
P6_A5_298,Root > Personal Care > Cosmetics > Perfume & Cologne
P6_A12_289,Root > Personal Care > Cosmetics > Perfume & Cologne
P1_C5_496,Root > Personal Care > Cosmetics > Perfume & Cologne
P1_C2_485,Root > Personal Care > Cosmetics > Perfume & Cologne
P1_C12_497,Root > Personal Care > Cosmetics > Perfume & Cologne
P1_C1_501,Root > Personal Care > Cosmetics > Perfume & Cologne
P1_C3_493,Root > Personal Care > Cosmetics > Perfume & Cologne
P1_F1_51,Root > Personal Care > Cosmetics > Makeup
P1_F5_42,Root > Personal Care > Cosmetics > Makeup
P1_F3_67,Root > Personal Care > Cosmetics > Makeup
P1_F10_214,Root > Personal Care > Cosmetics > Makeup
P4_C5_726,Root > Personal Care > Cosmetics > Makeup > Eye Makeup > Mascara
P1_F12_213,Root > Personal Care > Cosmetics > Makeup > Eye Makeup > Mascara
P1_G8_78,Root > Personal Care > Cosmetics > Makeup > Eye Makeup > Mascara
P4_E6_560,Root > Personal Care > Cosmetics > Makeup > Eye Makeup > Mascara
P4_E3_559,Root > Personal Care > Cosmetics > Makeup > Eye Makeup > Mascara
P4_A10_723,Root > Personal Care > Cosmetics > Makeup > Eye Makeup > Mascara
P4_B2_724,Root > Personal Care > Cosmetics > Makeup > Eye Makeup > Mascara
P2_A5_656,Root > Personal Care > Cosmetics > Makeup > Eye Makeup > Mascara
P1_G7_211,Root > Personal Care > Cosmetics > Makeup > Face Makeup > Foundations & Concealers
P1_F6_102,Root > Personal Care > Cosmetics > Makeup > Face Makeup > Foundations & Concealers
P4_C6_676,Root > Personal Care > Cosmetics > Makeup > Face Makeup > Foundations & Concealers
P2_B8_574,Root > Personal Care > Cosmetics > Makeup > Face Makeup > Foundations & Concealers
P2_B11_599,Root > Personal Care > Cosmetics > Makeup > Face Makeup > Foundations & Concealers
P4_B10_717,Root > Personal Care > Cosmetics > Makeup > Face Makeup > Foundations & Concealers
P2_A3_687,Root > Personal Care > Cosmetics > Makeup > Lip balm
P2_A10_628,Root > Personal Care > Cosmetics > Makeup > Lip balm
P6_D10_404,Root > Personal Care > Cosmetics > Makeup > Lip balm
P4_D11_606,Root > Personal Care > Cosmetics > Makeup > Lip balm
P2_B4_538,Root > Personal Care > Cosmetics > Makeup > Lipgloss
P4_E2_607,Root > Personal Care > Cosmetics > Makeup > Lipgloss
P4_E8_608,Root > Personal Care > Cosmetics > Makeup > Lipgloss
P4_B9_681,Root > Personal Care > Cosmetics > Makeup > Lipstick
P4_A8_659,Root > Personal Care > Cosmetics > Makeup > Lipstick
P2_A8_660,Root > Personal Care > Cosmetics > Makeup > Lipstick
P4_C4_686,Root > Personal Care > Cosmetics > Makeup > Lipstick
P4_C9_708,Root > Personal Care > Cosmetics > Makeup > Lipstick
P4_C2_695,Root > Personal Care > Cosmetics > Makeup > Lipstick
P4_C3_673,Root > Personal Care > Cosmetics > Makeup > Lipstick
P2_D12_704,Root > Personal Care > Cosmetics > Makeup > Lipstick
P4_D8_558,Root > Personal Care > Cosmetics > Nail Care > Nail Polish
P1_D1_505,Root > Personal Care > Cosmetics > Perfume & Cologne
P5_A2_162,Root > Personal Care > Cosmetics > Perfume & Cologne
P5_E2_237,Root > Personal Care > Cosmetics > Perfume & Cologne
P5_A12_310,Root > Personal Care > Cosmetics > Perfume & Cologne
P2_D2_557,Root > Personal Care > Cosmetics > Perfume & Cologne
P2_D4_593,Root > Personal Care > Cosmetics > Perfume & Cologne
P2_E5_627,Root > Personal Care > Cosmetics > Perfume & Cologne
P2_C11_578,Root > Personal Care > Cosmetics > Perfume & Cologne
P2_D11_577,Root > Personal Care > Cosmetics > Perfume & Cologne
P2_E9_581,Root > Personal Care > Cosmetics > Perfume & Cologne
P2_E6_542,Root > Personal Care > Cosmetics > Perfume & Cologne
P2_F4_707,Root > Personal Care > Cosmetics > Perfume & Cologne
P2_F5_710,Root > Personal Care > Cosmetics > Perfume & Cologne
P2_E7_625,Root > Personal Care > Cosmetics > Perfume & Cologne
P2_D9_535_555,Root > Personal Care > Cosmetics > Perfume & Cologne
P1_C8_495,Root > Personal Care > Cosmetics > Skin Care
P7_B10_612,Root > Personal Care > Cosmetics > Skin Care
P1_E4_494,Root > Personal Care > Cosmetics > Skin Care
P4_D1_425,Root > Personal Care > Cosmetics > Skin Care
P1_C11_489,Root > Personal Care > Cosmetics > Skin Care
P5_C12_197,Root > Personal Care > Cosmetics > Skin Care
P5_B7_304,Root > Personal Care > Cosmetics > Skin Care
P3_B12_106,Root > Personal Care > Cosmetics > Skin Care
P3_C1_114,Root > Personal Care > Cosmetics > Skin Care
P6_B3_247,Root > Personal Care > Cosmetics > Skin Care > After sun lotion
P6_B7_246,Root > Personal Care > Cosmetics > Skin Care > After sun lotion
P4_D12_602,Root > Personal Care > Cosmetics > Skin Care > After sun lotion
P1_A8_517,Root > Personal Care > Cosmetics > Skin Care > Exfoliant
P1_A6_515,Root > Personal Care > Cosmetics > Skin Care > Exfoliant
P3_E12_133,Root > Personal Care > Cosmetics > Skin Care > Exfoliant
P7_E12_696,Root > Personal Care > Cosmetics > Skin Care > Facial Cleanser
P7_G6_10,Root > Personal Care > Cosmetics > Skin Care > Facial Cleanser
P5_A9_137,Root > Personal Care > Cosmetics > Skin Care > Facial Cleanser
P5_D9_32,Root > Personal Care > Cosmetics > Skin Care > Facial Cleanser
P5_A11_296,Root > Personal Care > Cosmetics > Skin Care > Facial Cleanser
P1_H1_118,Root > Personal Care > Cosmetics > Skin Care > Facial Cleanser
P1_A12_551,Root > Personal Care > Cosmetics > Skin Care > Facial Cleanser
P1_A10_519,Root > Personal Care > Cosmetics > Skin Care > Facial Cleanser
P5_E9_282,Root > Personal Care > Cosmetics > Skin Care > Facial Cleanser
P7_E11_665,Root > Personal Care > Cosmetics > Skin Care > Facial Cleanser
P4_A9_653,Root > Personal Care > Cosmetics > Skin Care > Facial Cleanser
P4_B8_712,Root > Personal Care > Cosmetics > Skin Care > Facial Cleanser
P4_B4_657,Root > Personal Care > Cosmetics > Skin Care > Facial Cleanser
P4_E4_604,Root > Personal Care > Cosmetics > Skin Care > Facial Cleanser
P5_D10_34,Root > Personal Care > Cosmetics > Skin Care > Facial Cleanser
P6_B2_237,Root > Personal Care > Cosmetics > Skin Care > Facial Cleanser
P3_D2_241,Root > Personal Care > Cosmetics > Skin Care > Facial Cleanser
P3_B10_92,Root > Personal Care > Cosmetics > Skin Care > Facial Cleanser
P5_D2_196,Root > Personal Care > Cosmetics > Skin Care > Facial Cleanser
P6_B6_48,Root > Personal Care > Cosmetics > Skin Care > Facial Cleanser
P6_C12_96,Root > Personal Care > Cosmetics > Skin Care > Facial Cleanser
P1_A9_518,Root > Personal Care > Cosmetics > Skin Care > Facial Cleanser
P1_A11_529,Root > Personal Care > Cosmetics > Skin Care > Facial Cleanser
P6_D6_154,Root > Personal Care > Cosmetics > Skin Care > Facial Cleanser
P1_F11_204,Root > Personal Care > Cosmetics > Skin Care > Facial Cleanser
P5_B12_312,Root > Personal Care > Cosmetics > Skin Care > Facial Cleanser
P5_B3_294,Root > Personal Care > Cosmetics > Skin Care > Facial Cleanser
P3_F1_53,Root > Personal Care > Cosmetics > Skin Care > Facial Cleanser
P6_D8_221,Root > Personal Care > Cosmetics > Skin Care > Facial Cleanser
P1_E7_488,Root > Personal Care > Cosmetics > Skin Care > Facial Cleanser
P1_C10_481,Root > Personal Care > Cosmetics > Skin Care > Facial Cleanser
P1_E5_500,Root > Personal Care > Cosmetics > Skin Care > Facial Cleanser
P5_D3_185,Root > Personal Care > Cosmetics > Skin Care > Facial Cleanser
P4_B3_718,Root > Personal Care > Cosmetics > Skin Care > Facial Cleanser
P7_G12_716,Root > Personal Care > Cosmetics > Skin Care > Fluid > Anti Aging
P2_A6_691,Root > Personal Care > Cosmetics > Skin Care > Lotion & Moisturizer
P2_E1_584,Root > Personal Care > Cosmetics > Skin Care > Lotion & Moisturizer
P4_C12_421,Root > Personal Care > Cosmetics > Skin Care > Lotion & Moisturizer
P4_D2_444,Root > Personal Care > Cosmetics > Skin Care > Lotion & Moisturizer
P6_D12_417,Root > Personal Care > Cosmetics > Skin Care > Lotion & Moisturizer
P1_G4_194_20240523133719,Root > Personal Care > Cosmetics > Skin Care > Lotion & Moisturizer
P7_F4_14,Root > Personal Care > Cosmetics > Skin Care > Lotion & Moisturizer
P1_H3_128,Root > Personal Care > Cosmetics > Skin Care > Lotion & Moisturizer
P3_C8_354,Root > Personal Care > Cosmetics > Skin Care > Lotion & Moisturizer
P3_C7_353,Root > Personal Care > Cosmetics > Skin Care > Lotion & Moisturizer
P6_D7_200,Root > Personal Care > Cosmetics > Skin Care > Lotion & Moisturizer
P4_C10_416,Root > Personal Care > Cosmetics > Skin Care > Lotion & Moisturizer
P7_D9_751,Root > Personal Care > Cosmetics > Skin Care > Lotion & Moisturizer
P2_D3_690,Root > Personal Care > Cosmetics > Skin Care > Lotion & Moisturizer
P2_E2_544,Root > Personal Care > Cosmetics > Skin Care > Lotion & Moisturizer
P2_E3_590,Root > Personal Care > Cosmetics > Skin Care > Lotion & Moisturizer
P2_C10_533,Root > Personal Care > Cosmetics > Skin Care > Lotion & Moisturizer
P2_C3_683,Root > Personal Care > Cosmetics > Skin Care > Lotion & Moisturizer
P2_C1_688,Root > Personal Care > Cosmetics > Skin Care > Lotion & Moisturizer
P2_A7_571,Root > Personal Care > Cosmetics > Skin Care > Lotion & Moisturizer
P4_C1_672,Root > Personal Care > Cosmetics > Skin Care > Lotion & Moisturizer
P7_G8_702,Root > Personal Care > Cosmetics > Skin Care > Lotion & Moisturizer
P2_B5_675,Root > Personal Care > Cosmetics > Skin Care > Lotion & Moisturizer
P7_E4_11,Root > Personal Care > Cosmetics > Skin Care > Lotion & Moisturizer
P4_A6_371,Root > Personal Care > Cosmetics > Skin Care > Lotion & Moisturizer
P3_E1_567,Root > Personal Care > Cosmetics > Skin Care > Lotion & Moisturizer
P2_D7_580,Root > Personal Care > Cosmetics > Skin Care > Lotion & Moisturizer
P7_G7_16,Root > Personal Care > Cosmetics > Skin Care > Lotion & Moisturizer
P7_D4_753,Root > Personal Care > Cosmetics > Skin Care > Lotion & Moisturizer
P7_D6_694,Root > Personal Care > Cosmetics > Skin Care > Lotion & Moisturizer
P7_F6_651,Root > Personal Care > Cosmetics > Skin Care > Lotion & Moisturizer
P5_C4_313,Root > Personal Care > Cosmetics > Skin Care > Lotion & Moisturizer
P6_C2_108,Root > Personal Care > Cosmetics > Skin Care > Lotion & Moisturizer
P1_D3_507,Root > Personal Care > Cosmetics > Skin Care > Lotion & Moisturizer
P3_F9_247,Root > Personal Care > Cosmetics > Skin Care > Lotion & Moisturizer
P5_C7_208,Root > Personal Care > Cosmetics > Skin Care > Lotion & Moisturizer
P1_D9_498,Root > Personal Care > Cosmetics > Skin Care > Lotion & Moisturizer
P1_D8_484,Root > Personal Care > Cosmetics > Skin Care > Lotion & Moisturizer
P3_F3_52,Root > Personal Care > Cosmetics > Skin Care > Lotion & Moisturizer
P1_F9_94,Root > Personal Care > Cosmetics > Skin Care > Lotion & Moisturizer
P7_D1_245,Root > Personal Care > Cosmetics > Skin Care > Lotion & Moisturizer
P1_G2_159,Root > Personal Care > Cosmetics > Skin Care > Lotion & Moisturizer
P5_A10_138,Root > Personal Care > Cosmetics > Skin Care > Lotion & Moisturizer
P7_E7_729,Root > Personal Care > Cosmetics > Skin Care > Lotion & Moisturizer
P2_F3_575,Root > Personal Care > Cosmetics > Skin Care > Lotion & Moisturizer
P7_F2_679,Root > Personal Care > Cosmetics > Skin Care > Lotion & Moisturizer
P3_E7_562,Root > Personal Care > Cosmetics > Skin Care > Lotion & Moisturizer
P7_F10_661,Root > Personal Care > Cosmetics > Skin Care > Lotion & Moisturizer
P7_F12_663,Root > Personal Care > Cosmetics > Skin Care > Lotion & Moisturizer
P2_F2_545,Root > Personal Care > Cosmetics > Skin Care > Lotion & Moisturizer
P7_F11_682,Root > Personal Care > Cosmetics > Skin Care > Lotion & Moisturizer
P7_G10_664,Root > Personal Care > Cosmetics > Skin Care > Lotion & Moisturizer
P7_D2_750,Root > Personal Care > Cosmetics > Skin Care > Lotion & Moisturizer
P7_F7_684,Root > Personal Care > Cosmetics > Skin Care > Lotion & Moisturizer
P7_G11_650,Root > Personal Care > Cosmetics > Skin Care > Lotion & Moisturizer
P7_G9_697,Root > Personal Care > Cosmetics > Skin Care > Lotion & Moisturizer
P2_E4_530,Root > Personal Care > Cosmetics > Skin Care > Lotion & Moisturizer
P7_G1_752,Root > Personal Care > Cosmetics > Skin Care > Lotion & Moisturizer
P1_B6_526,Root > Personal Care > Cosmetics > Skin Care > Lotion & Moisturizer
P6_A8_276,Root > Personal Care > Cosmetics > Skin Care > Lotion & Moisturizer
P5_E5_288,Root > Personal Care > Cosmetics > Skin Care > Lotion & Moisturizer
P4_E1_603,Root > Personal Care > Cosmetics > Skin Care > Lotion & Moisturizer
P2_E11_594,Root > Personal Care > Cosmetics > Skin Care > Lotion & Moisturizer
P2_C7_570,Root > Personal Care > Cosmetics > Skin Care > Lotion & Moisturizer
P6_C9_245,Root > Personal Care > Cosmetics > Skin Care > Lotion & Moisturizer
P6_D1_273,Root > Personal Care > Cosmetics > Skin Care > Lotion & Moisturizer
P5_E6_274,Root > Personal Care > Cosmetics > Skin Care > Lotion & Moisturizer
P7_D10_670,Root > Personal Care > Cosmetics > Skin Care > Lotion & Moisturizer
P7_G5_713,Root > Personal Care > Cosmetics > Skin Care > Lotion & Moisturizer
P5_E3_292,Root > Personal Care > Cosmetics > Skin Care > Lotion & Moisturizer
P5_A1_148,Root > Personal Care > Cosmetics > Skin Care > Lotion & Moisturizer
P2_A1_668,Root > Personal Care > Cosmetics > Skin Care > Lotion & Moisturizer
P7_E1_698,Root > Personal Care > Cosmetics > Skin Care > Lotion & Moisturizer
P7_E9_711,Root > Personal Care > Cosmetics > Skin Care > Lotion & Moisturizer
P2_A11_706,Root > Personal Care > Cosmetics > Skin Care > Lotion & Moisturizer
P2_C8_706,Root > Personal Care > Cosmetics > Skin Care > Lotion & Moisturizer
P4_C8_703,Root > Personal Care > Cosmetics > Skin Care > Lotion & Moisturizer
P7_E8_623,Root > Personal Care > Cosmetics > Skin Care > Lotion & Moisturizer
P4_C7_671,Root > Personal Care > Cosmetics > Skin Care > Makeup Removers
P4_B12_699,Root > Personal Care > Cosmetics > Skin Care > Makeup Removers
P1_G5_147_20240523135656,Root > Personal Care > Cosmetics > Skin Care > Serum
P3_D12_564,Root > Personal Care > Cosmetics > Skin Care > Serum
P1_G6_206,Root > Personal Care > Cosmetics > Skin Care > Serum
P6_C5_250,Root > Personal Care > Cosmetics > Skin Care > Serum
P3_E8_561,Root > Personal Care > Cosmetics > Skin Care > Serum
P7_B11_71,Root > Personal Care > Cosmetics > Skin Care > Serum
P7_D7_666,Root > Personal Care > Cosmetics > Skin Care > Serum
P1_C9_487,Root > Personal Care > Cosmetics > Skin Care > Serum
P7_F5_652,Root > Personal Care > Cosmetics > Skin Care > Serum
P6_A9_280,Root > Personal Care > Cosmetics > Skin Care > Serum
P6_A1_271,Root > Personal Care > Cosmetics > Skin Care > Serum
P7_B12_60,Root > Personal Care > Cosmetics > Skin Care > Serum
P2_C9_658,Root > Personal Care > Cosmetics > Skin Care > Serum
P2_A9_669,Root > Personal Care > Cosmetics > Skin Care > Serum
P4_B11_709,Root > Personal Care > Cosmetics > Skin Care > Serum
P5_A5_149,Root > Personal Care > Cosmetics > Skin Care > Serum
P6_A10_306,Root > Personal Care > Cosmetics > Skin Care > Serum
P1_D6_499,Root > Personal Care > Cosmetics > Skin Care > Serum
P5_A6_161,Root > Personal Care > Cosmetics > Skin Care > Skin Care Masks & Peels
P5_A7_136,Root > Personal Care > Cosmetics > Skin Care > Skin Care Masks & Peels
P5_A4_150,Root > Personal Care > Cosmetics > Skin Care > Skin Care Masks & Peels
P1_C7_524,Root > Personal Care > Cosmetics > Skin Care > Skin Care Masks & Peels
P7_E6_677,Root > Personal Care > Cosmetics > Skin Care > Skin Care Masks & Peels
P2_C12_721,Root > Personal Care > Cosmetics > Skin Care > Skin Care Masks & Peels
P2_C4_549,Root > Personal Care > Cosmetics > Skin Care > Skin Care Masks & Peels
P2_B7_701,Root > Personal Care > Cosmetics > Skin Care > Skin Care Masks & Peels
P4_B6_700,Root > Personal Care > Cosmetics > Skin Care > Skin Care Masks & Peels
P7_D11_12,Root > Personal Care > Cosmetics > Skin Care > Skin Care Masks & Peels
P7_A2_446,Root > Personal Care > Cosmetics > Skin Care > Sunscreen
P4_A3_372,Root > Personal Care > Cosmetics > Skin Care > Sunscreen
P7_A1_438,Root > Personal Care > Cosmetics > Skin Care > Sunscreen
P3_E10_238,Root > Personal Care > Cosmetics > Skin Care > Sunscreen
P3_E6_566,Root > Personal Care > Cosmetics > Skin Care > Sunscreen
P7_A4_433,Root > Personal Care > Cosmetics > Skin Care > Sunscreen
P7_G4_655,Root > Personal Care > Cosmetics > Skin Care > Sunscreen
P1_E10_492,Root > Personal Care > Cosmetics > Skin Care > Sunscreen
P7_A7_449,Root > Personal Care > Cosmetics > Skin Care > Sunscreen
P3_E4_568,Root > Personal Care > Cosmetics > Skin Care > Sunscreen
P6_C10_263,Root > Personal Care > Cosmetics > Skin Care > Sunscreen
P5_E7_267,Root > Personal Care > Cosmetics > Skin Care > Sunscreen
P1_F2_79,Root > Personal Care > Cosmetics > Skin Care > Sunscreen
P6_E2_418,Root > Personal Care > Cosmetics > Skin Care > Sunscreen
P4_E9_83,Root > Personal Care > Cosmetics > Skin Care > Sunscreen
P1_E9_502,Root > Personal Care > Cosmetics > Skin Care > Sunscreen
P3_E9_64,Root > Personal Care > Cosmetics > Skin Care > Sunscreen
P6_E8_455,Root > Personal Care > Cosmetics > Skin Care > Sunscreen
P3_E5_569,Root > Personal Care > Cosmetics > Skin Care > Sunscreen
P2_A12_531,Root > Personal Care > Cosmetics > Skin Care > Sunscreen
P5_D6_35,Root > Personal Care > Cosmetics > Skin Care > Sunscreen
P7_A10_225,Root > Personal Care > Cosmetics > Skin Care > Sunscreen
P4_E7_601,Root > Personal Care > Cosmetics > Skin Care > Sunscreen
P2_B6_588,Root > Personal Care > Cosmetics > Skin Care > Sunscreen
P2_B10_654,Root > Personal Care > Cosmetics > Skin Care > Sunscreen
P2_A2_728,Root > Personal Care > Cosmetics > Skin Care > Sunscreen
P7_G2_248,Root > Personal Care > Cosmetics > Skin Care > Sunscreen
P7_D5_37,Root > Personal Care > Cosmetics > Skin Care > Sunscreen
P7_D12_9,Root > Personal Care > Cosmetics > Skin Care > Sunscreen
P1_F7_103,Root > Personal Care > Cosmetics > Skin Care > Sunscreen
P7_G3_674,Root > Personal Care > Cosmetics > Skin Care > Sunscreen
P7_A6_434,Root > Personal Care > Cosmetics > Skin Care > Sunscreen
P6_E9_437,Root > Personal Care > Cosmetics > Skin Care > Sunscreen
P1_D4_maybe486,Root > Personal Care > Cosmetics > Skin Care > Sunscreen
P7_A3_435,Root > Personal Care > Cosmetics > Skin Care > Sunscreen
P3_A4_47,Root > Personal Care > Cosmetics > Skin Care > Toners & Astringents
P1_E2_508,Root > Personal Care > Cosmetics > Skin Care > Toners & Astringents
P6_B10_84,Root > Personal Care > Cosmetics > Skin Care > Toners & Astringents
P1_D7_483,Root > Personal Care > Cosmetics > Skin Care > Toners & Astringents
P6_A2_281,Root > Personal Care > Cosmetics > Skin Care > Toners & Astringents
P6_B8_235,Root > Personal Care > Cosmetics > Skin Care > Toners & Astringents
P4_D5_393,Root > Personal Care > Cosmetics > Skin Care > Toners & Astringents
P6_A4_305,Root > Personal Care > Cosmetics > Skin Care > Toners & Astringents
P1_G1_212,Root > Personal Care > Cosmetics > Skin Care > Toners & Astringents
P1_G3_171,Root > Personal Care > Deodorant & Anti-Perspirant
P1_C4_480,Root > Personal Care > Hair Care
P3_B6_598,Root > Personal Care > Hair Care
P2_B3_722,Root > Personal Care > Hair Care
P3_B1_596,Root > Personal Care > Hair Care
P3_B3_600,Root > Personal Care > Hair Care
P3_B8_556,Root > Personal Care > Hair Care
P1_B2_521,Root > Personal Care > Hair Care
P5_B5_295,Root > Personal Care > Hair Care
P6_D2_287,Root > Personal Care > Hair Care > Hair Styling Products > Cream
P5_A8_172,Root > Personal Care > Hair Care > Hair Styling Products > Cream
P5_D11_243,Root > Personal Care > Hair Care > Hair Styling Products > Cream
P5_C1_314,Root > Personal Care > Hair Care > Curl Cream
P5_B2_293,Root > Personal Care > Hair Care > Curl Cream
P6_B1_277,Root > Personal Care > Hair Care > Hair masque
P3_E3_565,Root > Personal Care > Hair Care > Hair masque
P3_A5_554,Root > Personal Care > Hair Care > Hair Repair
P3_A11_597,Root > Personal Care > Hair Care > Hair Repair
P7_F3_17,Root > Personal Care > Hair Care > Hair Repair > Hair Oil
P3_A2_591,Root > Personal Care > Hair Care > Hair Repair > Hair Oil
P3_A3_548,Root > Personal Care > Hair Care > Hair Repair > Hair Oil
P3_A12_555,Root > Personal Care > Hair Care > Hair Repair > Hair Oil
P4_D4_400,Root > Personal Care > Hair Care > Hair Repair > Hair Oil
P3_C2_59,Root > Personal Care > Hair Care > Hair Repair > Hair Oil
P1_F4_43,Root > Personal Care > Hair Care > Hair Styling Products
P3_B2_589,Root > Personal Care > Hair Care > Hair Styling Products
P1_B5_525,Root > Personal Care > Hair Care > Hair Styling Products
P6_B9_248,Root > Personal Care > Hair Care > Hair Styling Products
P1_B3_522,Root > Personal Care > Hair Care > Hair Styling Products
P3_A7_550,Root > Personal Care > Hair Care > Hair Styling Products
P5_C6_311,Root > Personal Care > Hair Care > Hair Styling Products > Anti frizz product
P5_C2_309,Root > Personal Care > Hair Care > Hair Styling Products > Anti frizz product
P5_B1_303,Root > Personal Care > Hair Care > Hair Styling Products > Cream
P6_C6_240,Root > Personal Care > Hair Care > Hair Styling Products > Cream
P6_C7_238,Root > Personal Care > Hair Care > Hair Styling Products > Cream
P5_B6_300,Root > Personal Care > Hair Care > Hair Styling Products > Cream
P6_A7_270,Root > Personal Care > Hair Care > Hair Styling Products > Cream
P3_D5_233,Root > Personal Care > Hair Care > Hair Styling Products > Cream
P3_D6_251,Root > Personal Care > Hair Care > Hair Styling Products > Cream
P6_B5_251,Root > Personal Care > Hair Care > Hair Styling Products > Cream
P5_D1_151,Root > Personal Care > Hair Care > Hair Styling Products > Hairgel
P5_B4_283,Root > Personal Care > Hair Care > Hair Styling Products > Hairgel
P3_A9_595,Root > Personal Care > Hair Care > Hair Styling Products > Hairgel
P3_D1_26,Root > Personal Care > Hair Care > Hair Styling Products > Hairgel
P3_D10_18,Root > Personal Care > Hair Care > Hair Styling Products > Hairgel
P1_A4_513,Root > Personal Care > Hair Care > Hair Styling Products > Hairspray
P4_A11_373,Root > Personal Care > Hair Care > Hair Styling Products > Hairspray
P3_A8_592,Root > Personal Care > Hair Care > Hair Styling Products > Hairspray
P3_A10_553,Root > Personal Care > Hair Care > Hair Styling Products > Mousse
P3_A6_573,Root > Personal Care > Hair Care > Hair Styling Products > Straightener
P3_A1_586,Root > Personal Care > Hair Care > Hair Styling Products > Straightener
P2_E8_537,Root > Personal Care > Hair Care > Shampoo & Conditioner > Conditioner
P1_A5_514,Root > Personal Care > Hair Care > Shampoo & Conditioner > Conditioner
P3_B4_541,Root > Personal Care > Hair Care > Shampoo & Conditioner > Conditioner
P1_D2_490,Root > Personal Care > Hair Care > Shampoo & Conditioner > Conditioner
P7_A9_226,Root > Personal Care > Hair Care > Shampoo & Conditioner > Conditioner
P6_E6_423,Root > Personal Care > Hair Care > Shampoo & Conditioner > Conditioner
P3_D3_19,Root > Personal Care > Hair Care > Shampoo & Conditioner > Conditioner
P4_A4_375,Root > Personal Care > Hair Care > Shampoo & Conditioner > Conditioner
P5_B10_301,Root > Personal Care > Hair Care > Shampoo & Conditioner > Conditioner
P7_C4_7,Root > Personal Care > Hair Care > Shampoo & Conditioner > Conditioner
P3_E11_131,Root > Personal Care > Hair Care > Shampoo & Conditioner > Conditioner
P1_A7_516,Root > Personal Care > Hair Care > Shampoo & Conditioner > Conditioner
P2_C6_725,Root > Personal Care > Hair Care > Shampoo & Conditioner > Conditioner
P3_B11_115,Root > Personal Care > Hair Care > Shampoo & Conditioner > Conditioner
P7_E5_8,Root > Personal Care > Hair Care > Shampoo & Conditioner > Conditioner
P5_C3_297,Root > Personal Care > Hair Care > Shampoo & Conditioner > Conditioner
P6_B11_291,Root > Personal Care > Hair Care > Shampoo & Conditioner > Conditioner
P3_D7_232,Root > Personal Care > Hair Care > Shampoo & Conditioner > Conditioner
P5_B8_279,Root > Personal Care > Hair Care > Shampoo & Conditioner > Conditioner
P3_D4_242,Root > Personal Care > Hair Care > Shampoo & Conditioner > Shampoo
P5_C8_174,Root > Personal Care > Hair Care > Shampoo & Conditioner > Shampoo
P2_B12_715,Root > Personal Care > Hair Care > Shampoo & Conditioner > Shampoo
P6_E4_422,Root > Personal Care > Hair Care > Shampoo & Conditioner > Shampoo
P3_F5_54,Root > Personal Care > Hair Care > Shampoo & Conditioner > Shampoo
P7_E2_4,Root > Personal Care > Hair Care > Shampoo & Conditioner > Shampoo
P1_H2_129_127,Root > Personal Care > Hair Care > Shampoo & Conditioner > Shampoo
P7_B1_183,Root > Personal Care > Hair Care > Shampoo & Conditioner > Shampoo
P6_D9_142,Root > Personal Care > Hair Care > Shampoo & Conditioner > Shampoo
P5_B9_299,Root > Personal Care > Hair Care > Shampoo & Conditioner > Shampoo
P4_B1_370,Root > Personal Care > Hair Care > Shampoo & Conditioner > Shampoo
P3_D8_250,Root > Personal Care > Hair Care > Shampoo & Conditioner > Shampoo
P2_D10_582,Root > Personal Care > Hair Care > Shampoo & Conditioner > Shampoo
P2_D8_532,Root > Personal Care > Hair Care > Shampoo & Conditioner > Shampoo
P3_F7_65,Root > Personal Care > Hair Care > Shampoo & Conditioner > Shampoo
P3_B7_543,Root > Personal Care > Hair Care > Shampoo & Conditioner > Shampoo
P3_C11_349,Root > Personal Care > Hair Care > Shampoo & Conditioner > Shampoo
P3_C12_345,Root > Personal Care > Hair Care > Shampoo & Conditioner > Shampoo
P6_B12_239,Root > Personal Care > Hair Care > Shampoo & Conditioner > Shampoo
P6_C4_236,Root > Personal Care > Hair Care > Shampoo & Conditioner > Shampoo
P1_A1_510,Root > Personal Care > Hair Care > Shampoo & Conditioner > Shampoo
P3_F4_134,Root > Personal Care > Hair Care > Shampoo & Conditioner > Shampoo
P3_C5_105,Root > Personal Care > Hair Care > Shampoo & Conditioner > Shampoo
P4_A7_376,Root > Personal Care > Hair Care > Shampoo & Conditioner > Shampoo
P3_B9_552,Root > Personal Care > Hair Care > Shampoo & Conditioner > Shampoo
P7_F8_727,Root > Personal Care > Hair Care > Shampoo & Conditioner > Shampoo
P4_D10_610,Root > Personal Care > Hair Care > Shampoo & Conditioner > Shampoo
P5_C5_302,Root > Personal Care > Hair Care > Shampoo & Conditioner > Shampoo
P1_F8_95,Root > Personal Care > Hair Care > Toners
P3_B5_539,Root > Personal Care > Health Care > Hand sanitizer
P7_D3_240,Health & Beauty > Personal Care > Cosmetics > Skin Care > Serum
P5_C11_139,Root > Personal Care > Health Care > Pain Relieve
P4_B5_719,Root > Personal Care > Health Care > Spot Corrector
P1_G9_252,Root > Personal Care > Oral Care > Mouthwash
P5_E1_252,Root > Personal Care > Oral Care > Mouthwash
P6_C3_91,Root > Personal Care > Oral Care > Mouthwash
P6_C8_72,Root > Personal Care > Oral Care > Mouthwash
P4_A2_374,Root > Personal Care > Oral Care > Toothpaste
P6_E5_447,Root > Personal Care > Oral Care > Toothpaste
P5_D5_244,Root > Personal Care > Oral Care > Toothpaste
P6_A11_268,Root > Personal Care > Oral Care > Toothpaste
P7_E3_13,Root > Personal Care > Oral Care > Toothpaste
P2_C2_572,Root > Personal Care > Oral Care > Toothpaste
P4_D9_605,Root > Personal Care > Oral Care > Toothpaste
P2_F1_662,Root > Personal Care > Oral Care > Toothpaste
P2_B1_685,Root > Personal Care > Oral Care > Toothpaste
P5_E4_290,Root > Personal Care > Oral Care > Toothpaste
P7_A5_436,Root > Personal Care > Pest Control > Repellents
P7_A8_439,Root > Personal Care > Pest Control > Repellents
P6_B4_275,Root > Personal Care > Shaving & Grooming > Hair Removal Cream
P6_C11_107,Root > Personal Care > Shaving & Grooming > Shaving Cream
P3_F2_76,Root > Personal Care > Vision Care > Eye Drops & Lubricants
P6_A6_269,Root > Personal Care > Vision Care > Eye Drops & Lubricants
P1_B10_blank2,Root > Blank > Solvent Blank
P1_B11_blank3,Root > Blank > Solvent Blank
P1_B9_blank1,Root > Blank > Solvent Blank
P1_D10_blank1,Root > Blank > Solvent Blank
P1_D11_blank2,Root > Blank > Solvent Blank
P1_D12_blank3,Root > Blank > Solvent Blank
P1_H4_blank1,Root > Blank > Solvent Blank
P1_H5_blank2,Root > Blank > Solvent Blank
P1_H6_blank3,Root > Blank > Solvent Blank
P2_F8_blank2,Root > Blank > Solvent Blank
P2_F9_blank3,Root > Blank > Solvent Blank
P3_F11_blank1,Root > Blank > Solvent Blank
P3_F12_blank2,Root > Blank > Solvent Blank
P3_G1_blank3,Root > Blank > Solvent Blank
P4_E10_blank1,Root > Blank > Solvent Blank
P4_E11_blank2,Root > Blank > Solvent Blank
P4_E12_blank3,Root > Blank > Solvent Blank
P5_E10_B1,Root > Blank > Method Blank
P5_E11_B2,Root > Blank > Method Blank
P5_E12_B3,Root > Blank > Method Blank
P6_E10_B1,Root > Blank > Method Blank
P6_E11_B2,Root > Blank > Method Blank
P6_E12_B3,Root > Blank > Method Blank
P7_C1_B1,Root > Blank > Method Blank
P7_C2_B2,Root > Blank > Method Blank
P7_C3_B3,Root > Blank > Method Blank
P7_C5_B1,Root > Blank > Method Blank
P7_C6_B2,Root > Blank > Method Blank
P7_C7_B3,Root > Blank > Method Blank
